Date,SOROS FUND MANAGEMENT LLC,PAULSON & CO.INC. ,TIGER GLOBAL MANAGEMENT LLC,BERKSHIRE HATHAWAY INC
2015-03-02,,,,
2015-03-03,,,,
2015-03-04,,,,
2015-03-05,,,,
2015-03-06,,,,
2015-03-09,,,,
2015-03-10,,,,
2015-03-11,,,,
2015-03-12,,,,
2015-03-13,,,,
2015-03-16,,,,
2015-03-17,,,,
2015-03-18,,,,
2015-03-19,,,,
2015-03-20,,,,
2015-03-23,,,,
2015-03-24,,,,
2015-03-25,,,,
2015-03-26,,,,
2015-03-27,,,,
2015-03-30,,,,
2015-03-31,,,,
2015-04-01,,,,
2015-04-02,,,,
2015-04-06,,,,
2015-04-07,,,,
2015-04-08,,,,
2015-04-09,,,,
2015-04-10,,,,
2015-04-13,,,,
2015-04-14,,,,
2015-04-15,,,,
2015-04-16,,,,
2015-04-17,,,,
2015-04-20,,,,
2015-04-21,,,,
2015-04-22,,,,
2015-04-23,,,,
2015-04-24,,,,
2015-04-27,,,,
2015-04-28,,,,
2015-04-29,,,,
2015-04-30,,,,
2015-05-01,,,,
2015-05-04,,,,
2015-05-05,,,,
2015-05-06,,,,
2015-05-07,,,,
2015-05-08,,,,
2015-05-11,,,,
2015-05-12,,,,
2015-05-13,,,,
2015-05-14,,,,
2015-05-15,,,,
2015-05-18,,,,
2015-05-19,,,,
2015-05-20,,,,
2015-05-21,,,,
2015-05-22,,,,
2015-05-26,,,,
2015-05-27,,,,
2015-05-28,,,,
2015-05-29,,,,
2015-06-01,,,,
2015-06-02,,,,
2015-06-03,,,,
2015-06-04,,,,
2015-06-05,,,,
2015-06-08,,,,
2015-06-09,,,,
2015-06-10,,,,
2015-06-11,,,,
2015-06-12,,,,
2015-06-15,,,,
2015-06-16,,,,
2015-06-17,,,,
2015-06-18,,,,
2015-06-19,,,,
2015-06-22,,,,
2015-06-23,,,,
2015-06-24,,,,
2015-06-25,,,,
2015-06-26,,,,
2015-06-29,,,,
2015-06-30,,,,
2015-07-01,,,,
2015-07-02,,,,
2015-07-03,,,,
2015-07-06,,,,
2015-07-07,,,,
2015-07-08,,,,
2015-07-09,,,,
2015-07-10,,,,
2015-07-13,,,,
2015-07-14,,,,
2015-07-15,,,,
2015-07-16,,,,
2015-07-17,,,,
2015-07-20,,,,
2015-07-21,,,,
2015-07-22,,,,
2015-07-23,,,,
2015-07-24,,,,
2015-07-27,,,,
2015-07-28,,,,
2015-07-29,,,,
2015-07-30,,,,
2015-07-31,,,,
2015-08-03,,,,
2015-08-04,,,,
2015-08-05,,,,
2015-08-06,,,,
2015-08-07,,,,
2015-08-10,,,,
2015-08-11,,,,
2015-08-12,,,,
2015-08-13,,,,
2015-08-14,,,,
2015-08-17,,,,
2015-08-18,,,,
2015-08-19,,,,
2015-08-20,,,,
2015-08-21,,,,
2015-08-24,,,,
2015-08-25,,,,
2015-08-26,,,,
2015-08-27,,,,
2015-08-28,,,,
2015-08-31,,,,
2015-09-01,,,,
2015-09-02,,,,
2015-09-03,,,,
2015-09-04,,,,
2015-09-07,,,,
2015-09-08,,,,
2015-09-09,,,,
2015-09-10,,,,
2015-09-11,,,,
2015-09-14,,,,
2015-09-15,,,,
2015-09-16,,,,
2015-09-17,,,,
2015-09-18,,,,
2015-09-21,,,,
2015-09-22,,,,
2015-09-23,,,,
2015-09-24,,,,
2015-09-25,,,,
2015-09-28,,,,
2015-09-29,,,,
2015-09-30,,,,
2015-10-01,,,,
2015-10-02,,,,
2015-10-05,,,,
2015-10-06,,,,
2015-10-07,,,,
2015-10-08,,,,
2015-10-09,,,,
2015-10-12,,,,
2015-10-13,,,,
2015-10-14,,,,
2015-10-15,,,,
2015-10-16,,,,
2015-10-19,,,,
2015-10-20,,,,
2015-10-21,,,,
2015-10-22,,,,
2015-10-23,,,,
2015-10-26,,,,
2015-10-27,,,,
2015-10-28,,,,
2015-10-29,,,,
2015-10-30,,,,
2015-11-02,,,,
2015-11-03,,,,
2015-11-04,,,,
2015-11-05,,,,
2015-11-06,,,,
2015-11-09,,,,
2015-11-10,,,,
2015-11-11,-0.004899752620310853,-0.03616775006125758,0.0088056767472747,-0.03154926572491633
2015-11-12,-0.0036342451012299536,-0.03118723073093408,0.0093012090620457,-0.024980595947182233
2015-11-13,-0.005864157648485653,-0.03442851119188348,0.0118351858352793,-0.02919361510867393
2015-11-16,-0.0032719769617776534,-0.03639776953410008,0.0215299811285657,0.004656523432971273
2015-11-17,0.007857830650609346,-0.031097428566497477,0.028602425138264102,0.03265536166844167
2015-11-18,0.021406674610964647,-0.025018535422938977,0.0379129428730633,0.052164630611757065
2015-11-19,0.02822733403093565,-0.024538457143041082,0.0567380287854277,0.06510950262251697
2015-11-20,0.029999245626847946,-0.02294125151711168,0.05669855416262069,0.08893759519411827
2015-11-23,0.020645217701923246,-0.03699376289351028,0.046732210796130595,0.09025348532157326
2015-11-24,0.026524337833289245,-0.02920626038704338,0.053805333697846694,0.09203112242214997
2015-11-25,0.020814055278228244,-0.02810676287182928,0.047480033587156995,0.08398419032676933
2015-11-26,0.018672151731843542,-0.03103486929432368,0.048167215370950096,0.08359983379453553
2015-11-27,0.008680790304219446,-0.038544260001850135,0.0397900687029243,0.07996482505451832
2015-11-30,0.011141825747643046,-0.041433777820926936,0.0323925657932506,0.07398895023929464
2015-12-01,0.005755989183894144,-0.032336415673263334,0.034057253066913096,0.07753283352838082
2015-12-02,-0.0016478554594725695,-0.03892549686106134,0.018003267370652498,0.08814195011874613
2015-12-03,-0.01110067619003847,-0.04152425317381034,0.002454721411159301,0.07343889198262553
2015-12-04,0.003058948730720131,-0.02625155511275874,0.0257207557924197,0.11092304383761263
2015-12-07,-0.006077455681671468,-0.028421400424415835,0.0171473500030146,0.10042148546000064
2015-12-08,-0.009353436823513521,-0.03404943390973993,0.0141458055911504,0.09481059647204693
2015-12-09,-0.021257855384807522,-0.040109300540291735,-0.0039029003115528,0.07483374100846563
2015-12-10,-0.015339883710277221,-0.03411100861389253,0.0006593207901867998,0.07246595939218843
2015-12-11,-0.03181229169948742,-0.04261248012229013,-0.015319831428931301,0.04205087746174433
2015-12-14,-0.038478876322655425,-0.047063244979464236,-0.0062320100000424,0.04484762924550424
2015-12-15,-0.03268283469154142,-0.04323923021180494,0.002593664533643899,0.049038742086358736
2015-12-16,-0.020753941432981926,-0.03768844095332194,0.017980073390162,0.07164040123231503
2015-12-17,-0.03499505253008492,-0.055944398788082036,0.0009762763786499984,0.05391205077972083
2015-12-18,-0.04305230490317212,-0.06485716924769894,-0.0146340258299444,0.04420429330445443
2015-12-21,-0.037646333728924855,-0.06159285920523664,-0.0014272364915308023,0.04077799191633424
2015-12-22,-0.028690152708166057,-0.05494409944580834,0.0196729052830097,0.04541035962981484
2015-12-23,-0.023143461272106057,-0.04889916664644153,0.036126956823102796,0.048571138228792436
2015-12-24,-0.027370294370220156,-0.05113148414459104,0.026971928038092497,0.041164293943416135
2015-12-28,-0.030142217386073856,-0.054246183566269535,0.020944117790768102,0.030303255275785437
2015-12-29,-0.012423317387599456,-0.04567885177190943,0.0459973374884357,0.056090042901931134
2015-12-30,-0.021589708994703156,-0.050413212936110535,0.0289697278302977,0.04036505634736103
2015-12-31,-0.02843950701916536,-0.05827994099520363,0.013117199549964398,0.026058599470204533
2016-01-04,-0.042676815353024256,-0.06349002181976543,-0.001491082906543202,-0.020899006347336064
2016-01-05,-0.04414121994221256,-0.06422060290720263,0.0045703201991247975,-0.030919767032727464
2016-01-06,-0.05891718518996546,-0.07164240711333514,-0.0003290831894582017,-0.013421485591982165
2016-01-07,-0.07679244394295195,-0.06748806684387594,-0.0178413199300625,-0.04470217725618747
2016-01-08,-0.08448609300046166,-0.07768117100731572,-0.030643502852440104,-0.057922369729494966
2016-01-11,-0.08552492736132805,-0.08060452111423243,-0.018183897723550203,-0.05599939491758387
2016-01-12,-0.07347506516744017,-0.07562233798949122,0.0028425136709310968,-0.029646582513238668
2016-01-13,-0.10180444972675265,-0.09293530390134543,-0.0340325772910815,-0.08990851044243607
2016-01-14,-0.09201174679836426,-0.08069329413831072,-0.032541536748652004,-0.07849949009995097
2016-01-15,-0.09858615863055925,-0.08659967108500663,-0.046903616635412905,-0.09207673779024957
2016-01-18,-0.09902950882593095,-0.08319943486540074,-0.0414169337965874,-0.08617647618603028
2016-01-19,-0.11605457864794326,-0.09326902933067543,-0.0347700117527604,-0.08580109468417636
2016-01-20,-0.13052504191457964,-0.09911345135030812,-0.0354184489509323,-0.10384763782528296
2016-01-21,-0.11968207069026797,-0.09628234941363764,-0.00935005554086741,-0.11114619895042208
2016-01-22,-0.10232832789414226,-0.08540333704697065,0.013857116815638894,-0.08863661154463716
2016-01-25,-0.11864514069456766,-0.09176873578283554,0.005594623614448395,-0.10806999205368166
2016-01-26,-0.10279125647676127,-0.08419004281955143,0.027341045799777294,-0.11021661317133977
2016-01-27,-0.11596706843332616,-0.09394948591900253,0.022408089487779392,-0.15937070929598487
2016-01-28,-0.11793618498187126,-0.10788941323974494,0.021269893938488094,-0.15470625956806727
2016-01-29,-0.09602263475423006,-0.09535944304180473,0.04487419961827109,-0.13851510587535948
2016-02-01,-0.09304239209377507,-0.09330215541652984,0.035191000925890795,-0.13793369667074037
2016-02-02,-0.11319171045185256,-0.10583101008305683,0.018702731058174098,-0.17291361193923938
2016-02-03,-0.10986300756445566,-0.10434131543033923,0.008442289941907693,-0.1855718570271576
2016-02-04,-0.09311975554655327,-0.10496337377002772,0.009081778236792494,-0.16860340479002636
2016-02-05,-0.11688386118551276,-0.11372789259554313,-0.014270314994816406,-0.23861418514302918
2016-02-08,-0.14173605481483736,-0.13242161412426082,-0.03508084873450731,-0.24940156772888405
2016-02-09,-0.14591810211465625,-0.13136463479613214,-0.027461585955583605,-0.24414608522493908
2016-02-10,-0.14568268286760075,-0.12788671325098636,-0.020978377128726404,-0.2312216258870919
2016-02-11,-0.14888659188739825,-0.12836678819598746,-0.019717428340305404,-0.23193910925359007
2016-02-12,-0.15213476316175456,-0.1282868489423955,-0.020730798689697502,-0.2329560996218767
2016-02-15,-0.14632920348189365,-0.124232753887498,-0.011182399452883903,-0.22308162097752707
2016-02-16,-0.12679475675744944,-0.1119934813875686,-0.0019547420068545037,-0.1850968369750426
2016-02-17,-0.09752392493338606,-0.09199930706589658,0.0298745759971947,-0.14831184519525806
2016-02-18,-0.10115382734002257,-0.10370856782262688,0.020926264594265796,-0.16673448486006875
2016-02-19,-0.10934723461843165,-0.11237304416311988,0.011699392216148699,-0.17676076823077108
2016-02-22,-0.09192560916219707,-0.10267005681101418,0.010446785175721,-0.15694170320310646
2016-02-23,-0.09978810897799045,-0.10101220711954338,0.007774603704935698,-0.18418675556766065
2016-02-24,-0.09016214015358875,-0.09862822369087677,0.015118029195813,-0.16415755156864087
2016-02-25,-0.08256029822337456,-0.08354145998523399,0.0348756591973287,-0.17724512337138887
2016-02-26,-0.07736562355294976,-0.07903486953331809,0.0604583989672911,-0.16943110036872958
2016-02-29,-0.08860473656835585,-0.09981123196370839,0.0445409247890296,-0.17469780747101046
2016-03-01,-0.06989994549030665,-0.08916653738061328,0.058717740492626395,-0.13510159756161488
2016-03-02,-0.07114536854227145,-0.08937574599004018,0.0547790348265802,-0.13695028069506157
2016-03-03,-0.07078647171424196,-0.09355592976366199,0.0572834057240808,-0.14502576188874805
2016-03-04,-0.060909496012859964,-0.09281829488662809,0.0660753886903845,-0.11702847613702806
2016-03-07,-0.05694795979236406,-0.08578978159802968,0.0611846792151318,-0.12223287703569495
2016-03-08,-0.06385840922430736,-0.09181565796509178,0.0508958742636096,-0.12148083750325527
2016-03-09,-0.03893575683240495,-0.07525129984016247,0.0749366314983793,-0.09349152291300726
2016-03-10,-0.048903584779100354,-0.07711218626614799,0.0664087929935241,-0.10988077203862524
2016-03-11,-0.02850112458942125,-0.06392751053270289,0.0714518891369708,-0.08075620520619835
2016-03-14,-0.03492102545760155,-0.06716611997438318,0.0783543801404253,-0.07206366312252825
2016-03-15,-0.04871293152768835,-0.09004155835617458,0.0791023831769163,-0.08329440637392456
2016-03-16,-0.03666600105466355,-0.09518056857096459,0.0907707774452709,-0.06280869661459565
2016-03-17,-0.035469131934141356,-0.10788318626554869,0.0893509018630323,-0.05899186115856665
2016-03-18,-0.016131082143424954,-0.09957494932274089,0.0999230773765925,-0.03887641166176385
2016-03-21,-0.022231958371337554,-0.09599246476020237,0.0923714983657108,-0.05232403945676605
2016-03-22,-0.035726645163944255,-0.09367701291752198,0.0768461066188725,-0.06250830356521205
2016-03-23,-0.053663083803331756,-0.10065523822918818,0.06932617366677651,-0.08320121431989715
2016-03-24,-0.05882177496916365,-0.10490361132951548,0.061956201239384195,-0.08951594173476346
2016-03-28,-0.053621969235331454,-0.10531495758441518,0.0759179225745126,-0.07971732585470995
2016-03-29,-0.04731965291630626,-0.09202041463371638,0.08489995245678601,-0.07565583652199395
2016-03-30,-0.04283671120477946,-0.09002461167675999,0.08637960736699031,-0.07574841924100746
2016-03-31,-0.03554504940577475,-0.09018630561029647,0.08259545881285621,-0.07278650938162146
2016-04-01,-0.03313807886537455,-0.08389295025698629,0.09416814742814061,-0.05779742964384485
2016-04-04,-0.03465967875273705,-0.07958775027711629,0.0893830714554038,-0.06490019007814045
2016-04-05,-0.04709512217526965,-0.10059998999943208,0.0810124787290139,-0.058324333473524254
2016-04-06,-0.027114410592184553,-0.07685928345759248,0.0902789314337615,-0.04195893154135255
2016-04-07,-0.027570547922680953,-0.06851641490779019,0.08682411097383301,-0.03026791918798475
2016-04-08,-0.03226552240803906,-0.07599054714143748,0.0893887496620542,-0.03621297324846055
2016-04-11,-0.04575867201548356,-0.08905583748862858,0.076040567511111,-0.03610525047855565
2016-04-12,-0.039978101759391156,-0.09474746887891058,0.0796647732118134,-0.01023451984760785
2016-04-13,-0.024800572205738856,-0.08811216718669049,0.0771767773143963,0.01749003643460775
2016-04-14,-0.019591070636554356,-0.08833258262318858,0.0737204081852794,0.018091624443308675
2016-04-15,-0.023303358288213658,-0.07915952679310989,0.08019097140117809,0.028606379947360677
2016-04-18,-0.020455333320984752,-0.06962635546788339,0.0829990845456014,0.015589544588535576
2016-04-19,-0.016981377638868353,-0.05668882251734138,0.09074758961394659,-0.01808796459949052
2016-04-20,-0.009400132611282556,-0.05778055909979568,0.0893821292342056,-0.0040231683938395215
2016-04-21,-0.024171372378207757,-0.06255676047520088,0.06795927952580991,-0.01779331555328652
2016-04-22,-0.019010412780595256,-0.06166459974635219,0.0794502960612215,-0.01929679409774802
2016-04-25,-0.029647287582906655,-0.07871199219885358,0.0845287525214783,-0.03348535208391132
2016-04-26,-0.027032845445525457,-0.08249484444529508,0.0858898801890858,-0.05004226465969442
2016-04-27,-0.025739922417920356,-0.08142490241491318,0.08611221410835619,-0.059377923389745214
2016-04-28,-0.03530455863017746,-0.0961162854491261,0.0747239290488477,-0.05387341297220361
2016-04-29,-0.038007762340093156,-0.10279873378921048,0.0706045661280395,-0.04216531540269702
2016-05-02,-0.025865535635964054,-0.09528492257101227,0.0874171255693712,-0.03277821889183381
2016-05-03,-0.015504713887802656,-0.07933818933545649,0.09637390447770511,-0.005379004610924415
2016-05-04,-0.005724758214489656,-0.07855380408518568,0.1329499857017947,0.004792509808522987
2016-05-05,0.025196126083029447,-0.06861203919968117,0.1880906641187475,0.043994032905451286
2016-05-06,0.024450236413207246,-0.08745993212161877,0.2031436289247228,0.019564503616458388
2016-05-09,0.0019635651585208445,-0.08769435031478649,0.17655414730026028,-0.02805025930206971
2016-05-10,-0.012183834378530755,-0.08939913786340939,0.1777641874941179,-0.05305657210799871
2016-05-11,-0.024269494803769158,-0.09984771168984709,0.1694048637647972,-0.06572043206648921
2016-05-12,-0.026692790335661958,-0.10604172213101169,0.1824063463839806,-0.06546510570123501
2016-05-13,-0.007712924585925455,-0.09360243625331409,0.2054036301353821,-0.027888074798927614
2016-05-16,-0.016091532105134657,-0.09108763614102888,0.2024331216419552,-0.025620127073648413
2016-05-17,-0.023773387871222056,-0.08295793204358398,0.1646887052947615,-0.016449062046236612
2016-05-18,-0.012727107282270955,-0.07734431360024509,0.1694812987423709,0.027903303139808985
2016-05-19,-0.020685603874955057,-0.08602378868588649,0.18402434561053568,0.019403750156816384
2016-05-20,-0.02881679347314006,-0.08323410430486448,0.1644707799912072,0.022869805191701183
2016-05-23,-0.019086487125904855,-0.07781061711400378,0.17546427599418918,0.015001777359205484
2016-05-24,-0.009094669181909855,-0.06511685669083349,0.19070064242807,0.04518826581251949
2016-05-25,-0.007563217237324757,-0.06568138929253318,0.1944793293028797,0.042269536539773785
2016-05-26,-0.0016276479310011562,-0.06141023097174079,0.1935841116648616,0.05536719620167278
2016-05-27,-0.0025790329428457565,-0.06383139186658378,0.18933713885762848,0.045176878757013386
2016-05-31,-0.009796577429985156,-0.06395837654173528,0.17657620004164068,0.009880413567051789
2016-06-01,-0.009966142725858256,-0.054994180732199985,0.1836633849894885,-0.0039935307708436115
2016-06-02,0.012860237942593644,-0.036916863302921085,0.2041500026395273,0.01515092605181759
2016-06-03,0.018229642203222342,-0.03105004837951399,0.1999464737985518,0.0060788240228076915
2016-06-06,0.03664987484868145,-0.01858512725530689,0.2101155133215762,0.03067298593349569
2016-06-07,0.04716143390785055,-0.012684348930741988,0.2071890198065295,0.030632316803374388
2016-06-08,0.05380926220865404,-0.012649979364570588,0.22024267879231652,-0.002461070159836709
2016-06-09,0.06028533432143294,-0.007063845450790587,0.2265644976356584,-0.005256232868359008
2016-06-10,0.08063049739363724,0.007616230544988412,0.2475451281514902,0.003960972993530092
2016-06-13,0.07747511728168234,0.01665968027866451,0.238453893357883,0.005970196660982391
2016-06-14,0.05494660050586114,0.0022801806258743113,0.225809698427604,-0.03096449559195871
2016-06-15,0.05417457682330324,-0.013058744181756088,0.2234887958128582,-0.04620110443833331
2016-06-16,0.0365272532870522,-0.030369941227863285,0.21853849828410749,-0.07556871810135342
2016-06-17,0.016622366491889,-0.03335660125865965,0.1985158657084557,-0.09548230884254343
2016-06-20,0.0214195180624715,-0.030037378455238448,0.2119531965802926,-0.06688339469739742
2016-06-21,0.01062175896246,-0.03711452949542455,0.20484447318767157,-0.08036005751382382
2016-06-22,0.0022129910422662006,-0.04453210998400245,0.1970811057655451,-0.09900518347419811
2016-06-23,0.010949399605650102,-0.03034748326818205,0.2115194198676309,-0.09452573444008172
2016-06-24,-0.0176133475506582,-0.055564812837309255,0.1758785212688159,-0.13069064864833352
2016-06-27,-0.0288882376321142,-0.06458525058237835,0.1718229733326476,-0.1295757727329462
2016-06-28,-0.015486180585241701,-0.046397108192459555,0.1902259594971735,-0.09359577588350011
2016-06-29,-0.015439080978588201,-0.039966232420420654,0.18887191503982298,-0.07270778203082941
2016-06-30,-0.011399724921158299,-0.041009357180292555,0.2038414900622578,-0.06847895098472051
2016-07-01,-0.0057563470708257005,-0.034510765889556254,0.2025091346860286,-0.053385562489354305
2016-07-04,-0.0034281367226161007,-0.025632423035285852,0.20109438327924942,-0.04456465990606751
2016-07-05,0.0021792076003276997,-0.02112403624757505,0.20876940261772411,-0.034022909869787614
2016-07-06,-0.007253077220147199,-0.00598809393797525,0.2109433189631767,-0.05736983564379131
2016-07-07,-0.016869300844864397,-0.02332125978563275,0.2009932888552162,-0.06863220962433661
2016-07-08,-0.007902049370371901,-0.01707040196143915,0.2053802003049841,-0.05875232266439852
2016-07-11,0.0067310078932496,-0.02009730665752485,0.2116645953079459,-0.05679677240988401
2016-07-12,-0.0009510250050655013,-0.01974096412859095,0.19153790243303892,-0.053527915684199116
2016-07-13,-0.0018965525864424015,-0.01800118478413555,0.20129239880419691,-0.05474144922420702
2016-07-14,-0.00033345643901970187,-0.013922804044412852,0.2088620862622908,-0.052696997559854915
2016-07-15,-0.011345032316788803,-0.025330415638699748,0.2100857668320815,-0.07042838962529932
2016-07-18,-0.015857344324495704,-0.02587791006744425,0.20646488022987297,-0.07439841996945071
2016-07-19,-0.017952701224985504,-0.029804964079413847,0.2069723539473724,-0.1192887361738362
2016-07-20,-0.006062703570334703,-0.009867067521205749,0.199962253153286,-0.09142188501721321
2016-07-21,-0.010936190013151702,-0.010788740627171646,0.1929112319262023,-0.12080724447710742
2016-07-22,0.00017902968974029682,0.0007691155768166539,0.21038853897421608,-0.09918632338418693
2016-07-25,-0.00025175892821004673,-0.005016470307701505,0.208585300302366,-0.0881051241130477
2016-07-26,0.006417531234003853,0.0011196764542840947,0.19849915700764129,-0.06380126042216731
2016-07-27,0.005198178214623854,0.010959352038523594,0.18481023662421017,-0.06385879819861333
2016-07-28,0.0037441006275256536,0.007688659391147494,0.1884020601755434,-0.06455238493465013
2016-07-29,-0.00277314912906962,0.0018928148345375945,0.1802721759711761,-0.11258001814055144
2016-08-01,-0.00617563621688882,0.002518234722968794,0.1762020347780003,-0.11012168954581011
2016-08-02,-0.030013736987767922,-0.006105582456258206,0.1523305006812612,-0.13317343961046352
2016-08-03,-0.021134445920955522,0.011548791777840794,0.14521953978372917,-0.13315565650742872
2016-08-04,-0.023011682594665427,0.006722099336486594,0.1476181604542556,-0.15474894138610432
2016-08-05,-0.013589777712743422,0.010988471284367893,0.1739155570483563,-0.14444547508544692
2016-08-08,-0.01831167052996832,-0.0002936170963734053,0.169854497295241,-0.1391309939400343
2016-08-09,-0.027364329236000722,0.005766864049610195,0.17605975066626978,-0.1364609793422785
2016-08-10,-0.027364329236000722,0.005766864049610195,0.17605975066626978,-0.1364609793422785
2016-08-11,-0.026975727226955324,0.00576315781641585,0.17488001767397518,-0.14067949581185982
2016-08-12,-0.028658285386553323,0.01120690272429275,0.18520261483106978,-0.1370665577762619
2016-08-15,-0.026056880793485723,0.005457194230237451,0.1731989299475026,-0.1352426920978206
2016-08-16,-0.020972673017804623,0.00881236349198335,0.18759700648224467,-0.15395230105157812
2016-08-17,-0.012581269835437024,0.01660549799387765,0.2098829976202194,-0.1345231229989523
2016-08-18,-0.019048909701211623,0.01188642972151795,0.201315908066685,-0.159149160693761
2016-08-19,-0.007078620321152025,0.013272134504245851,0.21002608744703322,-0.1461973646087328
2016-08-22,-0.0025426344113388248,0.016219706644444352,0.2115878939549179,-0.1468845830918481
2016-08-23,0.0033735136679022754,0.01685593272794375,0.21761756878189809,-0.12983091545838502
2016-08-24,-0.0025335349915716248,-0.006356801261139949,0.2163393818967149,-0.13666721958185818
2016-08-25,0.012769100882125777,-0.005663784093918448,0.23352301259716932,-0.1036214040336673
2016-08-26,0.018796104469430277,-0.0038426147224124487,0.214570745484546,-0.1058713584305696
2016-08-29,0.009374761983429677,-0.014606408438507449,0.2061172438152589,-0.11496495349229126
2016-08-30,-0.0007724958936623237,-0.021216106700389748,0.18865877907051562,-0.13586822376865068
2016-08-31,0.007066597222498877,-0.01993089926742915,0.215318187046907,-0.13228655932868705
2016-09-01,0.02730102853319598,-0.012341928002590149,0.23128901742082975,-0.10226313687551275
2016-09-02,0.024934830524652778,-0.02364901748873925,0.21876782462345015,-0.09855272934375946
2016-09-05,0.01942626060529348,-0.02753143356366385,0.20173943053363425,-0.10011131473009276
2016-09-06,0.015229451619725679,-0.028371678425409552,0.18486293802447154,-0.09732218148352946
2016-09-07,0.01946478829228168,-0.02784505924191797,0.19143255436854642,-0.09141884578043816
2016-09-08,0.018372561494420077,-0.019468876190957572,0.19105935618830486,-0.08689612513553926
2016-09-09,-0.005989625925042421,-0.03809580558120007,0.14418219659603565,-0.11706870744107825
2016-09-12,0.011982716738227879,-0.02062960372695287,0.18133968060277383,-0.09226921794524395
2016-09-13,0.004793796904279878,-0.02288879769601427,0.18643897985281155,-0.09200478950854846
2016-09-14,0.016634935036889578,-0.01339610513071617,0.18652519482174304,-0.05120030613179425
2016-09-15,0.02229771723962508,-0.01115405673451797,0.19483466850698575,-0.04546578496898885
2016-09-16,0.02903342692848568,-0.004874875688387671,0.19586920656560994,-0.06223269057102245
2016-09-19,0.05191341067432818,-0.0017539873399296715,0.20069089639105583,-0.02965777586721295
2016-09-20,0.058394972176425176,0.0008795718742611288,0.21302065895773542,-0.0120810768690229
2016-09-21,0.07590991503164979,0.00954161855115963,0.21088890421280293,0.0065801657676351
2016-09-22,0.08265216682005767,0.019228493072708127,0.21157180602147715,-0.0034561276521026998
2016-09-23,0.10452687791338408,0.035872773525815124,0.23882643415276095,0.0505292238444709
2016-09-26,0.08795655162256559,0.010622297227121727,0.23023010011826173,0.028569748172344
2016-09-27,0.11160410835138687,0.016911772384152025,0.2580357611669221,0.0600464146451397
2016-09-28,0.11306921939989217,0.013971244515682926,0.2618209950624407,0.060169381934169104
2016-09-29,0.11450899352396718,0.0011875398752638246,0.24170425932424933,0.041381711025276005
2016-09-30,0.12470907256432948,-0.00018701406249867366,0.24426208739029945,0.0542886990521272
2016-10-03,0.11387032624104708,-0.00019656580237997334,0.21943748100096974,0.0604590733586711
2016-10-04,0.09392571249937237,-0.012713690622498275,0.18995179749723412,0.0576585755300622
2016-10-05,0.11379766760675418,-0.004224014402808875,0.19363025242254714,0.08270307655581151
2016-10-06,0.09486840016314398,-0.017147655755070476,0.17281403098505793,0.0819293354819871
2016-10-07,0.10215741416224518,-0.011295332902146873,0.17326433635612454,0.12026445014847628
2016-10-10,0.10489590890963787,0.011892862188447925,0.18241566244917523,0.1194395131814342
2016-10-11,0.06774181776051577,-0.009786810473289576,0.14234070893009643,0.08473156221607109
2016-10-12,0.06326279228402108,-0.023444323550630676,0.15124062550154585,0.08103044332898089
2016-10-13,0.07682029629666907,-0.010791315118827376,0.1648061888928994,0.10418240531019189
2016-10-14,0.07443854864739198,-0.02384808713198998,0.18766260790576664,0.1164448325492193
2016-10-17,0.061789049504026174,-0.029818938540240876,0.19555944413999943,0.10078484229161389
2016-10-18,0.08408496912429518,-0.014684250847914578,0.21515611078123603,0.1715387639642999
2016-10-19,0.11212275096331958,0.004527658237769523,0.23214289632647264,0.1937573536366585
2016-10-20,0.11352524806825517,0.008839846144782924,0.22671959074467132,0.1931080917090779
2016-10-21,0.11137649293416169,0.0003646192642887229,0.21723840045156223,0.1780324025402002
2016-10-24,0.11413333345072858,-3.035302726987711e-05,0.22520538487293582,0.1793319223905373
2016-10-25,0.10928217907591178,0.004366683722739123,0.21922467581435454,0.1735589078236743
2016-10-26,0.10493630522754459,-0.0019952287831867766,0.21503013875787513,0.1636460628093092
2016-10-27,0.07502069133839558,-0.01802727929055148,0.20253898518408103,0.1063490442525213
2016-10-28,0.055804117700699984,-0.045948387296863374,0.18091343315408792,0.08230071344592689
2016-10-31,0.06095856539987369,-0.04126592787697958,0.19956860900822063,0.1061147715699477
2016-11-01,0.052659702162731185,-0.034154024439240975,0.19258364258379254,0.0939515430751753
2016-11-02,0.031647102897956386,-0.05707404066106868,0.18632028480679905,0.05264020772694409
2016-11-03,0.032047776496864785,-0.08730655731356178,0.17820151194286724,0.0653546595727534
2016-11-04,0.03517727318081379,-0.07557140410054479,0.15629038421085292,0.0574790406260665
2016-11-07,0.04663531038270599,-0.07568290935093339,0.1550564521750437,0.0858372737766373
2016-11-08,0.043840633871231986,-0.08313856334403187,0.1500419980659848,0.08212791540914119
2016-11-09,0.05121148152731449,-0.06716665100095318,0.1575961862346436,0.08410522730145639
2016-11-10,0.03430561899796309,-0.07690167837767738,0.1449624018210466,0.053941300191752195
2016-11-11,0.02924875096251259,-0.07908981790550408,0.14530047550794473,0.05386856030783599
2016-11-14,0.022117631919874793,-0.07424519041211888,0.13301681146170252,0.03946973972875819
2016-11-15,0.02739150504597249,-0.07859361881197928,0.14539681074449645,0.046252722249267686
2016-11-16,0.02098926537679619,-0.09869376277721509,0.16335191887729825,0.06788366003982389
2016-11-17,0.04456686588512679,-0.08859132219614299,0.1772623578384837,0.08606524820176838
2016-11-18,0.04264250664572099,-0.10743942419827629,0.16929873529123363,0.07155575142814519
2016-11-21,0.04920526720792809,-0.10177354686592507,0.18587710379575734,0.07843431411806388
2016-11-22,0.03357219356387229,-0.12415141750351588,0.18120449356044885,0.05389579163121309
2016-11-23,0.03978186801312299,-0.11415041096258668,0.16144205926674032,0.053247170672297686
2016-11-24,0.05357377408320979,-0.09127497258079528,0.16069405623024932,0.06447791392369398
2016-11-25,0.04919190469771939,-0.08445014625951888,0.15564675599738143,0.05142507522337159
2016-11-28,0.03994687639343809,-0.07635217119813609,0.15302308555890973,0.04847559907676119
2016-11-29,0.03875611528092799,-0.08481484995357379,0.16567264849006544,0.05970593938951969
2016-11-30,0.037429300751408226,-0.08961930467598198,0.15637026661473344,0.04549009624694028
2016-12-01,0.02790695119878693,-0.10406786572822929,0.14770097210111544,0.029338108101875388
2016-12-02,0.03655684429044614,-0.09613115920198649,0.14959493696556583,0.032373374273257184
2016-12-05,0.04668289556599313,-0.09291020433978749,0.14928101601106034,0.049089169508185884
2016-12-06,0.05672040128320283,-0.09133758033700268,0.13573959442023123,0.05125486859340959
2016-12-07,0.059179645249287524,-0.10932283902832568,0.15506837630588832,0.05602331723627409
2016-12-08,0.05647158897523913,-0.09862256177451968,0.14843405293894923,0.04682835725074029
2016-12-09,0.054706818301834235,-0.09124375978022718,0.1661437464298901,0.04984885109284938
2016-12-12,0.044367860190523634,-0.09692999297878369,0.16256260059071245,0.024610187365094287
2016-12-13,0.05358224294053923,-0.09106112121933799,0.17346225792003234,0.039929252617241284
2016-12-14,0.05825933350868374,-0.0766041778293152,0.17594142051863493,0.046235164155405586
2016-12-15,0.05057907254140253,-0.09589651895640809,0.18015579465067352,0.029192232288506988
2016-12-16,0.058990818015996836,-0.08887903789269448,0.20149776320225724,0.031212752889887087
2016-12-19,0.05412492130357123,-0.0845021803818104,0.19372103917876202,0.024987651271016383
2016-12-20,0.06286463230418553,-0.07601029844907459,0.19498083837499064,0.026513097780388285
2016-12-21,0.053102287873597234,-0.0720546523114823,0.19344231005796622,0.003921132492687885
2016-12-22,0.03312687559182353,-0.07945961697237998,0.202626208906545,-0.03254618989227732
2016-12-23,0.03502259105413513,-0.06909191356030349,0.20741404153312903,-0.03380165374162482
2016-12-27,0.04330027399276993,-0.06918348308024938,0.20063689895519443,-0.032713609963326916
2016-12-28,0.028389639693170134,-0.08007512984692138,0.1914703040445001,-0.03113829775073172
2016-12-29,0.02686184878523843,-0.08574900156883339,0.19456870034772172,0.004782807038741679
2016-12-30,0.02299206852264853,-0.08138793524637498,0.1911113470025833,-0.007896174601853621
2017-01-03,0.027838029362405932,-0.07212429898839288,0.20755670268616425,0.00883577148693298
2017-01-04,0.034257593059651426,-0.06598742538232119,0.19505419792098871,0.02254296630532008
2017-01-05,0.04797382751385023,-0.044832827936541586,0.18571201887853853,0.052823348178646784
2017-01-06,0.048920124393220535,-0.05430004638075468,0.1831382699771406,0.07504680045558668
2017-01-09,0.04676798353508123,-0.052949502480332984,0.17404640898324675,0.06949577895243288
2017-01-10,0.05039322135777753,-0.042560379132690083,0.18127461363414463,0.07980010457643208
2017-01-11,0.06373922788995723,-0.05232677601171259,0.19575842921851264,0.08188659203365588
2017-01-12,0.05589798354949673,-0.05545284069297268,0.18739511276578252,0.07330523978094897
2017-01-13,0.07024912196577274,-0.058480592211060785,0.19486903375591824,0.09924590640494307
2017-01-16,0.07732103027783954,-0.04932843616100069,0.18566594530116953,0.10821476658953758
2017-01-17,0.07653464119058294,-0.046852953031252885,0.16778392009126303,0.11531535458117488
2017-01-18,0.08234937955309533,-0.024712134174532184,0.16275084225619393,0.11643808630518968
2017-01-19,0.08328856238917863,-0.04277080991351338,0.15529112151788702,0.1370437582788563
2017-01-20,0.07708929805053853,-0.057208753047378984,0.14734327432708133,0.12275046238329657
2017-01-23,0.08576661672348354,-0.05143825280845988,0.15523916120898343,0.15193053054132208
2017-01-24,0.09765073938230093,-0.04156201740293099,0.147156784917945,0.18130014167011999
2017-01-25,0.10292242543000513,-0.03242628649690568,0.1506277319439014,0.1880982241070329
2017-01-26,0.11425818326532483,-0.04282585385907528,0.14914968712652513,0.1887475839190459
2017-01-27,0.11218782287945624,-0.04368635122199358,0.1799395425578774,0.18169553430807947
2017-01-30,0.10796695765490984,-0.05314262804766368,0.1814522934918771,0.1652214629869886
2017-01-31,0.12306960720816612,-0.03250773780688698,0.1678464677529074,0.17075732361820758
2017-02-01,0.11466901472357693,-0.03216227291101538,0.16362350360451838,0.15097869564935307
2017-02-02,0.11141538654972653,-0.026082635210031485,0.16465629867966342,0.14750514390619557
2017-02-03,0.09873893497540263,-0.034581873227921986,0.1562361949886174,0.13037359895542389
2017-02-06,0.09276553508582724,-0.031388478625175284,0.1435129882799862,0.12399340190410109
2017-02-07,0.09285728532485132,-0.04700683586617838,0.14761181589766062,0.12292746020775328
2017-02-08,0.09318461912769313,-0.04800378616157718,0.14753842027082112,0.12132737476319848
2017-02-09,0.09470155778600783,-0.048456362456843184,0.16225789906216612,0.13433685924216318
2017-02-10,0.09069828645397084,-0.060110377636205886,0.154937259226944,0.14044353502273568
2017-02-13,0.07967981038091504,-0.07006326463407009,0.1467064553558002,0.13888084734773937
2017-02-14,0.08357526404940803,-0.05807277508935429,0.14690067232973203,0.155777865714055
2017-02-15,0.08230994934140504,-0.05101095246097729,0.1520529139394733,0.1561745972059399
2017-02-16,0.07370736677069403,-0.05759515045464058,0.1222624909150925,0.1698164180002249
2017-02-17,0.07848486774724633,-0.055950669131233484,0.1988797454456535,0.1796738440476492
2017-02-20,0.08071386382738473,-0.05029453048033648,0.1957475354854113,0.1810193955423007
2017-02-21,0.09383586690822013,-0.030051332666164884,0.1904257172515981,0.21058306651372927
2017-02-22,0.09518100471398494,-0.03484996790782118,0.1839200766321764,0.21634562683299496
2017-02-23,0.09365178932719863,-0.03513742550272728,0.1805363786896828,0.21476072336925967
2017-02-24,0.09144317082288843,-0.031421491872043385,0.18250558116116228,0.21708080324023887
2017-02-27,0.09408867425710117,-0.024797215372437783,0.1594487449088469,0.2204311435800421
2017-02-28,0.08911952545983838,-0.028669243376715885,0.16967604252380572,0.22202680818943968
2017-03-01,0.08929307509361067,-0.021306078099926885,0.168361816098508,0.21196035925614917
2017-03-02,0.08225229249299458,-0.017362243335737184,0.16378883737919148,0.2165387649998373
2017-03-03,0.08568495708627517,-0.015973945116052286,0.1704081773845633,0.22464369769090767
2017-03-06,0.07276707681594317,-0.039115419794580185,0.15094804580536691,0.20365651893521297
2017-03-07,0.09830509681421867,-0.018528619053047684,0.1801546725366287,0.23643206113949616
2017-03-08,0.11403793262161538,0.0003257220708449166,0.18880862388368058,0.2646151351206159
2017-03-09,0.10038043966325438,-0.024010723099300482,0.1787475098692762,0.2450354884894899
2017-03-10,0.0943490217212126,-0.03400388284755038,0.162413219286328,0.22159269629458428
2017-03-13,0.08872189918319588,-0.03822828134697348,0.1386240954291773,0.22304631093354488
2017-03-14,0.08227082739739039,-0.046644465845612784,0.137060009088575,0.19558236684049404
2017-03-15,0.09132153186160039,-0.04014822632007338,0.14511520720025858,0.20259115505631348
2017-03-16,0.10160427934140068,-0.03690961970518929,0.15156544401945068,0.21448795411979557
2017-03-17,0.10222821041092468,-0.046813218140332985,0.1358452597662378,0.23020910507681297
2017-03-20,0.10350428657011919,-0.048496481860454285,0.13963729385366738,0.2243060944932689
2017-03-21,0.07580423044698009,-0.06944577207157608,0.12223593001399631,0.1835073973182971
2017-03-22,0.07099011947958968,-0.07321349041755458,0.1227853910071379,0.1878074756981093
2017-03-23,0.06893121474483069,-0.07745117560532819,0.1356549192834611,0.178884253175787
2017-03-24,0.07383308436234338,-0.08319650053560558,0.12208772866740039,0.18421596284369848
2017-03-27,0.06796147508341008,-0.07883910196751488,0.121482443275446,0.17689623969641902
2017-03-28,0.07185812288732737,-0.07549185337955389,0.1215867077191848,0.18569578682083018
2017-03-29,0.07731098433823819,-0.0762579078381038,0.1190218925048519,0.1775586548562622
2017-03-30,0.08248056369440689,-0.07629691117823688,0.1188231485057115,0.2156709108355811
2017-03-31,0.07652364233369087,-0.09640249914356427,0.12082520628908909,0.1978221042786806
2017-04-03,0.07166129120100088,-0.09919530897647377,0.1267417747677497,0.2143700330857108
2017-04-04,0.06938576964235457,-0.10099552902861958,0.120809507846199,0.20387422330709828
2017-04-05,0.06123802615757508,-0.10196071736122903,0.1219721684548738,0.19620701575655738
2017-04-06,0.06564592239572888,-0.09700392635965982,0.1304844200775718,0.1895062356937922
2017-04-07,0.06740517731463058,-0.10347764121092122,0.14140659002673628,0.18327435705017012
2017-04-10,0.07215078538491808,-0.09881307311980742,0.1405053907148628,0.19069503801073742
2017-04-11,0.07058827114215835,-0.10215599568072953,0.1369185744407097,0.19481599067636493
2017-04-12,0.06564164674681416,-0.10771283322250262,0.1505796810445913,0.1785604153842491
2017-04-13,0.06870027162877565,-0.11168652197779631,0.1539012417405144,0.17468598393061352
2017-04-17,0.07037482183303635,-0.12355499598537302,0.1574380551680902,0.18080378908032882
2017-04-18,0.06677106344852825,-0.13233610910742974,0.15667384865617112,0.1785521312239538
2017-04-19,0.06184282005989026,-0.13257034696734313,0.12277286879303981,0.1648569457912053
2017-04-20,0.06795973769188676,-0.12489525309423871,0.1275995781422519,0.18200346554699942
2017-04-21,0.07383458240985266,-0.13782571304622224,0.11560857369717631,0.18191299887228124
2017-04-24,0.08204605882899625,-0.13024876043034833,0.1272608699663779,0.19554793335253584
2017-04-25,0.08738125053457016,-0.13115322909449204,0.1269578218422079,0.20276827074822232
2017-04-26,0.09124902593807026,-0.12497368299950073,0.1162251378552801,0.21287296873334743
2017-04-27,0.08660066283503086,-0.12466761825223721,0.1174633256307786,0.20122306183550923
2017-04-28,0.08801482467492945,-0.12125075591647493,0.1139304040081138,0.20341082694062082
2017-05-01,0.09283889793220985,-0.11981525363212092,0.1026720158666574,0.20925141795251742
2017-05-02,0.08995052062082416,-0.11752027422632443,0.096646239553057,0.20151682099111093
2017-05-03,0.08944475496912965,-0.12831922282415872,0.0961988145078209,0.18641749423679974
2017-05-04,0.08710326730172917,-0.12399057279635883,0.0994789154032727,0.1917959704198816
2017-05-05,0.09899977188237474,-0.11628743642180142,0.10417406643622751,0.20640476147306613
2017-05-08,0.09814674957447235,-0.10246934091526112,0.1020464287403796,0.22750936671293592
2017-05-09,0.09801393818387515,-0.09144210492618272,0.1022242679720171,0.23097531783924763
2017-05-10,0.10133031471533305,-0.09302190636021868,0.1105792399676825,0.23765918361602592
2017-05-11,0.09958802173287845,-0.08984523522438087,0.1055758935554445,0.23764119098285788
2017-05-12,0.09904899570028836,-0.08861484720944737,0.10970776493887889,0.23406055178550988
2017-05-15,0.10420012651865404,-0.08447820069188706,0.1019291094454382,0.23823082754191727
2017-05-16,0.08627702254578835,-0.08997307494055547,0.09678048736517665,0.23090833415081768
2017-05-17,0.06659801018102206,-0.09594096984730577,0.09779829352722696,0.2032778200394351
2017-05-18,0.06841185100043996,-0.10293786876880688,0.10434817154469046,0.2076368045092037
2017-05-19,0.06927206860717365,-0.10705055227465628,0.10579083171238826,0.20888676445160548
2017-05-22,0.06938360069196076,-0.10613039775302036,0.11339793675377326,0.21619484006410916
2017-05-23,0.07742131767293556,-0.10540268011698185,0.12586847004689136,0.21671778106525397
2017-05-24,0.10105164814811045,-0.09091112574194385,0.16595400612264977,0.2420595936630918
2017-05-25,0.09584385222738476,-0.10327808566753985,0.14368123394250587,0.24069731055992216
2017-05-26,0.10696416463777496,-0.09511679789120375,0.15223688263187746,0.248950334131124
2017-05-30,0.11009635906607186,-0.10406433096189316,0.15341414949103277,0.24880893226427278
2017-05-31,0.10591089463479544,-0.10873132598060735,0.13727943811337137,0.24560280576938168
2017-06-01,0.11689942942394525,-0.09767763022063715,0.14686670663184206,0.2565912058282277
2017-06-02,0.12048169138388255,-0.09315179076213395,0.17005559317435098,0.26483121808587096
2017-06-05,0.11330286993347896,-0.09265318422811984,0.16601494343471726,0.26440072340314513
2017-06-06,0.09930078276579415,-0.10203337943588835,0.15338923868140067,0.24804696262743423
2017-06-07,0.09027640713085226,-0.11236514195726949,0.14670617381241846,0.2513752758637928
2017-06-08,0.09119568131201086,-0.1097840222524624,0.14002153919219126,0.2571974966901009
2017-06-09,0.08357929863671945,-0.09753597803906328,0.13008458843456006,0.2306623142330663
2017-06-12,0.07973850815428005,-0.09568965842603669,0.12676584182169337,0.2260486985491536
2017-06-13,0.08556364383022244,-0.0913252530166904,0.12737712581215177,0.23384894036064452
2017-06-14,0.08547217066304964,-0.07468467105561719,0.13813199229611547,0.2382812146409289
2017-06-15,0.07682154325265525,-0.07849107681890999,0.12848676638100257,0.23243244451216052
2017-06-16,0.08317409884702075,-0.08108509560788578,0.11526006485216357,0.23661882601242473
2017-06-19,0.09170095606548115,-0.07001086899711409,0.13007935111675195,0.2452877722340963
2017-06-20,0.07617722370056515,-0.07315902209653198,0.12699296905803376,0.224437883871353
2017-06-21,0.07847138470726245,-0.06106263811757939,0.12590008250615337,0.24682410434874721
2017-06-22,0.08489061287839016,-0.04964804955087039,0.12560430245136156,0.2563217159238939
2017-06-23,0.08739171661190864,-0.06065615423788819,0.11337103993622047,0.26227036305370977
2017-06-26,0.10458534354631514,-0.049432433609869084,0.12962724690675367,0.28213337839951314
2017-06-27,0.09775919125160876,-0.04820089605579839,0.11707495557044098,0.2619506535955144
2017-06-28,0.11584526908935545,-0.04488480730671639,0.12562838746749028,0.2833679192628144
2017-06-29,0.10672105527087286,-0.04013099570667269,0.09389111783338326,0.2564312042814784
2017-06-30,0.11323236922513465,-0.03321601209730659,0.09298144987288007,0.25842453238358437
2017-07-03,0.10246371311818446,-0.04153062744452719,0.08089352355156626,0.2486447503896331
2017-07-05,0.10199492057063186,-0.044671777427862686,0.08147004665309236,0.2578911601978894
2017-07-06,0.10103405326733846,-0.060379701170553496,0.07384244018365096,0.24930693164352008
2017-07-07,0.10654582775643426,-0.05503031936927259,0.07912380657595337,0.2552610097281418
2017-07-10,0.10733856574949936,-0.054088748426622285,0.06797897577562406,0.268165448027275
2017-07-11,0.11341948135244016,-0.05607427658185689,0.08302089278897186,0.2820800539351152
2017-07-12,0.12634437652808064,-0.04010221929344069,0.09803659214869577,0.30532704647980435
2017-07-13,0.13570364711462266,-0.03422954384192659,0.10462724744420966,0.31573163578726887
2017-07-14,0.13805314832356044,-0.02196224678580979,0.10993955203060025,0.3198478479806078
2017-07-17,0.13525610331998034,-0.014504272073099988,0.09923434376899637,0.31154261379717035
2017-07-18,0.14526690239736215,-0.02073091596655959,0.10552174350511886,0.3366544000960075
2017-07-19,0.15746281809458285,-0.006299255411947589,0.10995922628130816,0.3620993454124925
2017-07-20,0.16828831942434883,0.030917463480959813,0.12864587396237187,0.36815779058315956
2017-07-21,0.16140533269487803,0.019841106477264406,0.15116878118449678,0.36551536131711126
2017-07-24,0.13930487133896163,0.0034914972521552074,0.12948819477943488,0.3528117431281976
2017-07-25,0.14192659546298025,0.011224864785737807,0.11869412593223516,0.3446137278148024
2017-07-26,0.14232992309172424,0.012594024287648909,0.12074121142942126,0.3542522130044255
2017-07-27,0.15026899845267674,0.007639108035471807,0.12659612129920478,0.34676165456597696
2017-07-28,0.15078714688031605,0.006299741911252308,0.12279662737332887,0.3524608060432653
2017-07-31,0.16448736230396577,0.0035422078719118087,0.13312930195187136,0.37774044644460286
2017-08-01,0.15266163391028215,0.00978715173010831,0.11159870256643176,0.3539871624650733
2017-08-02,0.14967698443788405,0.01210868490826711,0.10125577555021696,0.3379644863996736
2017-08-03,0.14005708540473366,-0.010257757572842191,0.08945650892840927,0.3262150099803038
2017-08-04,0.13384782648652954,-0.01568647113187329,0.09460159266787917,0.33970955468423386
2017-08-07,0.13128116373598783,-0.032146114235417494,0.08508241355448966,0.347859778230617
2017-08-08,0.12732354849447536,-0.03112040159348299,0.07121842712403066,0.3476682429353706
2017-08-09,0.13191499915747273,-0.04176508030904849,0.08803703824936107,0.3480349591155428
2017-08-10,0.13191499915747273,-0.04176508030904849,0.08803703824936107,0.3480349591155428
2017-08-11,0.13011996148071375,-0.04126516856635179,0.08249858312386667,0.3464011577710703
2017-08-14,0.14354234399368665,-0.04457459588709229,0.09011066557623096,0.360145175912185
2017-08-15,0.13849971452574894,-0.03429870069780319,0.08008691738016546,0.33552450368780073
2017-08-16,0.1401056476369608,-0.034853741794796896,0.10059336316365747,0.3449952378848027
2017-08-17,0.1460756304330082,-0.03338671383306879,0.09455396375590566,0.34059129329598625
2017-08-18,0.14758692960295108,-0.03506344746166529,0.08615368235950677,0.34705747810113097
2017-08-21,0.1405782619755642,-0.04068408572490399,0.09230221461122727,0.34332541192228394
2017-08-22,0.13852156629420379,-0.03252199365145969,0.10064901013598966,0.35454471703337503
2017-08-23,0.1232612221622,-0.02924763316521749,0.06379941428640706,0.32954088356607
2017-08-24,0.12186539301867269,-0.03571638507174959,0.05050862621358006,0.32743672824312126
2017-08-25,0.1235340839519349,-0.03889797332905639,0.035393166080095365,0.3114205053738742
2017-08-28,0.1326897465423586,-0.03795860122266109,0.029246711556115267,0.32081927869571936
2017-08-29,0.1274896339150268,-0.04864202050885479,0.015531487930017462,0.3160953431216414
2017-08-30,0.1363951979045221,-0.040434973289732626,0.029458724358475363,0.3286609159829504
2017-08-31,0.1401987476719587,-0.026557827901028022,0.011537316469546463,0.3483198010100262
2017-09-01,0.1399619350883896,-0.02821883455523382,0.003100026946385163,0.3529187436895608
2017-09-05,0.1396321989590787,-0.03875014853035862,0.00034811122539816293,0.3469542733311496
2017-09-06,0.1387766289028387,-0.03541151582266782,0.007789794329351763,0.34557438416844116
2017-09-07,0.1413342591691818,-0.03721201228816322,0.002785805667965163,0.35100728901565686
2017-09-08,0.1459684644480874,-0.03465431461031122,0.0004374696229757628,0.35663628583873735
2017-09-11,0.1442832372572387,-0.028165471713721524,0.008661485434902663,0.36939228607859786
2017-09-12,0.1415122997125422,-0.02465042336349072,0.0070206866047999635,0.3694309636322048
2017-09-13,0.1513393302146814,-0.024758172262964822,0.00937308243105726,0.39060942007218274
2017-09-14,0.1458769544029811,-0.036787040944300624,-0.0021404908286760376,0.3895141209681521
2017-09-15,0.14702520222546278,-0.04740771955935552,0.0056759030972168625,0.3943485262775718
2017-09-18,0.1420534569781495,-0.06576648538748803,0.0020021436951342627,0.3929097131483489
2017-09-19,0.1265562920909979,-0.07195631058589654,-0.0029347789616341376,0.38003026657435757
2017-09-20,0.124023964643052,-0.07592206850771102,-0.0048901418776760375,0.3607125579179751
2017-09-21,0.1163639654232156,-0.06704796240788122,-0.010752772151628138,0.3488211292070309
2017-09-22,0.1170069602409616,-0.06768475405525162,-0.01997186318559904,0.34904496897517556
2017-09-25,0.1138394151982791,-0.06464705420406053,-0.010861675281033337,0.3167409572064931
2017-09-26,0.11004288801001821,-0.05183910140917862,-0.017484295838747735,0.3096144429341867
2017-09-27,0.1206610720523643,-0.04437585472805303,-0.024870822098387937,0.3188998213669584
2017-09-28,0.1141014427682107,-0.04942214966626053,-0.024222831089756636,0.30610994620454407
2017-09-29,0.11866198752776219,-0.04325263953635683,-0.026596829815791635,0.3097898822054382
2017-10-02,0.1196616070356636,-0.028511861078894522,-0.029069846550127135,0.3119460450221981
2017-10-03,0.12346471278739869,-0.028148551090765427,-0.029515749145955235,0.32049944224682997
2017-10-04,0.1228713453323494,-0.015756786490374125,-0.02541996151522134,0.3115101479903548
2017-10-05,0.12159664372313421,-0.013576542624408227,-0.030135757363193336,0.32182058828784305
2017-10-06,0.11954140330471989,-0.009814248880158926,-0.029316265089248235,0.3120303185941158
2017-10-09,0.1107172121361038,-0.015245474214380326,-0.04133059544260112,0.3029033320130781
2017-10-10,0.104872790362541,-0.022454832502655127,-0.03545962897906102,0.3051637595536478
2017-10-11,0.0917314252256014,-0.0194775958691331,-0.04109416040222992,0.29035882179566747
2017-10-12,0.0937129800226689,-0.033779905552490296,-0.04096547671679182,0.2847288842829089
2017-10-13,0.0958729924335274,-0.031071553603162296,-0.038093571208728715,0.28636732786219654
2017-10-16,0.0876985714234537,-0.0499464029158202,-0.03810380736617592,0.29584246512230067
2017-10-17,0.08814776911323559,-0.06043696425658889,-0.03346875063710742,0.2928518942929251
2017-10-18,0.0872367241941008,-0.0682147425046399,-0.038806044088789016,0.29841539107835857
2017-10-19,0.0861780730079235,-0.0665535126095357,-0.053433304902493525,0.28076966610028553
2017-10-20,0.0914307548900504,-0.0719907558790965,-0.04315757755370882,0.2891803454305323
2017-10-23,0.08440655893033461,-0.0656076610077785,-0.040514863771113914,0.27569330707186135
2017-10-24,0.0752752309881542,-0.0717270511171238,-0.04086198541248372,0.2679594520172478
2017-10-25,0.06810019699808219,-0.07607586873177409,-0.048303230048178415,0.2469677278772824
2017-10-26,0.054079624858564296,-0.0835174470973538,-0.052139347058356225,0.23427602745220968
2017-10-27,0.0572217971722427,-0.0831436952975537,-0.052048263663878394,0.2519706213375933
2017-10-30,0.0557414658653566,-0.09680650710581859,-0.07566746639043129,0.2492669980661802
2017-10-31,0.060297200734075594,-0.1112288047278433,-0.06073356029705799,0.24449815894578739
2017-11-01,0.06673760688559469,-0.0962813756422406,-0.024416934654229894,0.2474250738381393
2017-11-02,0.06041847264016689,-0.1200999501212864,-0.1018514472449474,0.2584067649335204
2017-11-03,0.058063806886542495,-0.1193786378838688,-0.1014916359858349,0.26260096616776785
2017-11-06,0.063685302796803,-0.11545254773185909,-0.0994177363044251,0.26717390801735597
2017-11-07,0.0662040465388218,-0.1379950926888019,-0.0786073026754517,0.2634693204189396
2017-11-08,0.0717759874862315,-0.1357229745632596,-0.06415665212968509,0.2654399670955154
2017-11-09,0.0692553296956628,-0.12782693619206728,-0.0677879456405669,0.2569960577781184
2017-11-10,0.0667211870068626,-0.1308488431514358,-0.0461256353414633,0.24935954253763698
2017-11-13,0.07530966264440919,-0.1239706196393263,-0.051894974848096395,0.25535985706628117
2017-11-14,0.060548293338977,-0.1371021793686237,-0.0643426799935212,0.23848273891678187
2017-11-15,0.06775597333943394,-0.1322579578569499,-0.0672785778332579,0.23803218226325118
2017-11-16,0.07834488135847974,-0.12557638850802189,-0.0517858955267865,0.25363133582361796
2017-11-17,0.08568639879799925,-0.1133084326338194,-0.04685130061240039,0.2545065778041088
2017-11-20,0.08837205270168244,-0.11240878500338439,-0.03881131709996569,0.24756732040838236
2017-11-21,0.09722169735261023,-0.10871580023052599,-0.036761090115915294,0.2548658752745532
2017-11-22,0.09872457553029533,-0.1001900298008868,-0.04280489417948109,0.25013344473522536
2017-11-24,0.09289400459437264,-0.10294035387616769,-0.043124574920514,0.2505154946385398
2017-11-27,0.08082614759635084,-0.1053289719656769,-0.042510166652015,0.23021819607334118
2017-11-28,0.09406326884069553,-0.09982282948165919,-0.0421368926188403,0.2379703034764475
2017-11-29,0.08632179241728373,-0.1027856895368557,-0.0302744787918676,0.21332425468233998
2017-11-30,0.08521111824178103,-0.10445926624951168,-0.0325171021894976,0.20831183695992528
2017-12-01,0.08992865200162924,-0.0999386335639685,-0.027009085912826497,0.20413063501735929
2017-12-04,0.07927938406104063,-0.10387493122098479,-0.021491267746932996,0.19121213011519594
2017-12-05,0.08743164726735944,-0.09715701987982159,-0.024595822127760496,0.22003919480438916
2017-12-06,0.07886687751002834,-0.09883070371365339,-0.025318698573527094,0.23061283288465997
2017-12-07,0.07477631064946054,-0.1017387203075833,-0.033555375950055,0.23410090008539886
2017-12-08,0.07211700591544681,-0.092113178222978,-0.0373489187956792,0.23849543345589955
2017-12-11,0.08079929100192801,-0.08895526440793139,-0.0328957316402329,0.24430864334991695
2017-12-12,0.0699443553596942,-0.09081932154754449,-0.030376047938707497,0.23769340903995065
2017-12-13,0.06181418735462321,-0.0931556547980133,-0.0293738613948077,0.24647633903556435
2017-12-14,0.05932061133126,-0.0905832986569254,-0.0318327676315704,0.2496584050042455
2017-12-15,0.058249057947962306,-0.0823574389505802,-0.022331034948571797,0.2602087692233214
2017-12-18,0.06657388138656391,-0.0688330246642167,-0.0220765458573199,0.2659583764490586
2017-12-19,0.05613670495580761,-0.0721959536224996,-0.0314430439687736,0.273283478704464
2017-12-20,0.0607984297388615,-0.0728308220295648,-0.043640016849125,0.2768668816115536
2017-12-21,0.06842366213123681,-0.0694701770783745,-0.0350023480058453,0.27409916822555586
2017-12-22,0.06842736205681631,-0.076800368941059,-0.0286923396476882,0.2809953474594896
2017-12-26,0.06504998219134217,-0.0768874590859208,-0.032552814924433,0.2712501085841717
2017-12-27,0.06316067437322898,-0.07077099122958459,-0.0344336056579396,0.2748193244961653
2017-12-28,0.07570936116480846,-0.0681578036390147,-0.0418544503808223,0.2721331294576367
2017-12-29,0.08455425992927686,-0.0665266518323432,-0.039211274878453904,0.28018506760999323
2018-01-02,0.09198910536104565,-0.05240704100176599,-0.0471666566533493,0.3018609442712906
2018-01-03,0.09634381713274835,-0.04553251684168775,-0.0500945934206431,0.3087007512459609
2018-01-04,0.09202517124305926,-0.04158727472155545,-0.0348987648259384,0.3040399901756955
2018-01-05,0.09131987791984315,-0.04351607193390536,-0.0383036092612176,0.3099662823942367
2018-01-08,0.09677994692316885,-0.04506680370423126,-0.0290604781687432,0.31081396721732574
2018-01-09,0.08754095222053376,-0.051771494287148556,-0.0389236960490781,0.2978873383336905
2018-01-10,0.07945299020787466,-0.05315730380823425,-0.044340670476837096,0.28588634232257143
2018-01-11,0.08612577621657966,-0.047564287782987553,-0.0356707782910897,0.29344344213716583
2018-01-12,0.08649092444833535,-0.04978327895365245,-0.030153397241997497,0.29521466690486803
2018-01-16,0.08233726472824357,-0.055005266326899054,-0.015209958960839298,0.28857454199471666
2018-01-17,0.08939391162506166,-0.059311757791196754,0.006282212891272501,0.28749279786587195
2018-01-18,0.09310714397013746,-0.06486580012634255,0.0013922834648161016,0.2962199011462282
2018-01-19,0.09764809288513376,-0.05081957373931736,0.008068599487742701,0.3133389102810164
2018-01-22,0.10652078583054196,-0.04508493195770295,0.0112178064558212,0.31271925586988725
2018-01-23,0.09271077904659897,-0.04938195113266585,0.011008703890894101,0.3040589172078784
2018-01-24,0.10041649419817096,-0.0429926151176883,0.009606464851494401,0.3012317290581099
2018-01-25,0.10162052383532708,-0.0480583134851042,0.008584564427978402,0.3145870927080916
2018-01-26,0.10165002302288867,-0.04586640349706835,0.007446167382130301,0.331142799673445
2018-01-29,0.09407964407814907,-0.05102941769356785,-0.0033264733664750985,0.324027620468189
2018-01-30,0.09041765113388257,-0.06553254070407576,-0.004408598172981698,0.3126561847875627
2018-01-31,0.08650721794948878,-0.06907778661048365,-0.009610963235995,0.314588268488413
2018-02-01,0.08613286666440798,-0.06494542269996645,-0.0028698751835823984,0.2890899679971588
2018-02-02,0.10230331659797896,-0.06628251090276865,-0.024681765899016498,0.29411593390595053
2018-02-05,0.07469524930777727,-0.08058579631372005,-0.06835743400146549,0.2567459101960596
2018-02-06,0.07053945789194137,-0.07616640775532126,-0.0639490350933357,0.2594711192810774
2018-02-07,0.06397451472145765,-0.07508546295128896,-0.07996682387418279,0.2433278577890259
2018-02-08,0.035320865193419274,-0.10133630510373966,-0.116197280467809,0.2042344281317294
2018-02-09,0.02460743178131077,-0.10456404910601386,-0.1227343693517053,0.20529752822092662
2018-02-12,0.03726808009546407,-0.09929598871080596,-0.11688171648726098,0.2130027500246134
2018-02-13,0.035920765471741965,-0.10196084299729816,-0.11956272818078409,0.2109870906340243
2018-02-14,0.05254981845921956,-0.08212279366495966,-0.1085195259660831,0.2336374014448202
2018-02-15,0.07370606271065727,-0.07493257663949325,-0.0971876848177391,0.24735896956600428
2018-02-16,0.06608629468804526,-0.08469751651067396,-0.1213376944269666,0.23589736999405322
2018-02-20,0.057566210140949474,-0.08903400901394795,-0.1505033363723715,0.2285142894496244
2018-02-21,0.06135633169056667,-0.08917824354645906,-0.16154638266489219,0.22968794513791058
2018-02-22,0.058866316567614776,-0.08949664237592206,-0.1568620507978372,0.2306309354808055
2018-02-23,0.07188331668742456,-0.08369210936859882,-0.1431394481433004,0.235476018763804
2018-02-26,0.07535189808268276,-0.08201032171718751,-0.1238141897495417,0.2248677916832001
2018-02-27,0.06827800305297918,-0.08972672890735191,-0.13029266399408268,0.2456672976591231
2018-02-28,0.056625818039169475,-0.09969945007231201,-0.1452841867875,0.2439928834207084
2018-03-01,0.04044369600281497,-0.10363735621573822,-0.1540567673936557,0.2258402878035038
2018-03-02,0.05389349009063027,-0.09720136638929171,-0.149648109024068,0.23588460963687208
2018-03-05,0.07095435451633457,-0.08258776153889812,-0.1447632216792234,0.24902980385637521
2018-03-06,0.06971889117681616,-0.07459301026872281,-0.1230017091167342,0.2554185685948192
2018-03-07,0.06611040485253607,-0.08488525116815102,-0.1304744341840392,0.2426817252365199
2018-03-08,0.08176161176754186,-0.0837554908527289,-0.119383977638611,0.26508838584529487
2018-03-09,0.09147751906591567,-0.08592388965284532,-0.11312562858537929,0.2666084260325724
2018-03-12,0.08976990068643727,-0.09295530585526192,-0.1052921836124523,0.2603230577951514
2018-03-13,0.07065226094049118,-0.09744455842417342,-0.1104966631704557,0.2383069011657553
2018-03-14,0.06331834130894537,-0.09835630580780921,-0.12349065067161819,0.2398357991481748
2018-03-15,0.06870279955628157,-0.09378196700959751,-0.1230261957141858,0.26593071285986936
2018-03-16,0.05777197494332977,-0.09593692204880881,-0.1292061676857998,0.252361578146729
2018-03-19,0.053884228839586275,-0.10187813990600111,-0.12874717997049712,0.265403652504591
2018-03-20,0.04863838660383098,-0.11050152885301001,-0.136750732315587,0.2693206048636203
2018-03-21,0.06073916792246877,-0.10719730294012701,-0.1398659588204105,0.27080855080370336
2018-03-22,0.04183375706448737,-0.11684027743898392,-0.15820662341183822,0.23684865552751455
2018-03-23,0.030548745094032076,-0.11709065976479942,-0.1590759881550766,0.23660861353546436
2018-03-26,0.03248867112081788,-0.10857400870740051,-0.1372792975255329,0.25521647829099486
2018-03-27,0.010891828943220074,-0.11413988272587962,-0.1495162690777423,0.21674449988401717
2018-03-28,0.0037566413433820726,-0.11327554513792051,-0.15112235218588319,0.19869387135070887
2018-03-29,0.007173147967185975,-0.11508469585943991,-0.14784567096721649,0.20198644519882306
2018-04-02,-0.016226688806513324,-0.134905629098926,-0.180726742667295,0.18081387092254586
2018-04-03,-0.013552426354308823,-0.12896246499448702,-0.1826181521808331,0.17879226303700596
2018-04-04,0.002192657173207376,-0.1260239466218512,-0.1668674985731177,0.18931895041893285
2018-04-05,0.010553634815695576,-0.1199363964049373,-0.1646065471446872,0.17898470249711523
2018-04-06,-0.013658842634217922,-0.13410828808254502,-0.1801564675897792,0.15968446063007985
2018-04-09,-0.014138422084935022,-0.1379506346600852,-0.1806490347172742,0.16468097569405177
2018-04-10,-0.00574659746939982,-0.1224862762330814,-0.175225182611977,0.18047510800782576
2018-04-11,-0.005557477994848421,-0.12277335497937551,-0.1738755341229901,0.17568995862031386
2018-04-12,0.0031694029951466803,-0.1231225221203126,-0.18798343621622318,0.18371412449846536
2018-04-13,-0.004194454309817221,-0.12908184589298272,-0.19209592108122278,0.16862715936976347
2018-04-16,-0.0013336304102513213,-0.11993597099184372,-0.1920104064446878,0.18059068135406325
2018-04-17,0.005081573589473578,-0.11404926384119621,-0.1822457372286502,0.19393524540449306
2018-04-18,0.003052276087574978,-0.11034733553101592,-0.1885553633809322,0.19310636095858918
2018-04-19,-0.0031847733383812207,-0.11430037432824061,-0.1914274203027803,0.18749898961898676
2018-04-20,-0.007269219185677921,-0.11013448913282312,-0.2112058328588179,0.18659824338459055
2018-04-23,-0.0009512092006222213,-0.08764850490949881,-0.2151598764264373,0.17867547918592425
2018-04-24,-0.009078086989009021,-0.07589231299922111,-0.2326436838884318,0.16040879598215876
2018-04-25,-0.009378235324246023,-0.06682344313324921,-0.2322251361661904,0.14022399949279307
2018-04-26,-0.0016983795078186212,-0.05634061157110321,-0.2188228004604532,0.15579730339472025
2018-04-27,-0.03940358307214032,-0.05217769410148261,-0.21933679897490602,0.15186244960792655
2018-04-30,-0.03486537214417752,-0.06398364493728631,-0.23433928803517232,0.15042754357310345
2018-05-01,-0.02681914730962352,-0.06282704617377541,-0.2405698641407841,0.15575350660200185
2018-05-02,-0.04071368387795582,-0.07032265178527732,-0.2682448941403958,0.14890641505721056
2018-05-03,-0.04219061237653162,-0.08339588172163782,-0.257772043593392,0.15474020798381535
2018-05-04,-0.03047802137900052,-0.07859611625858111,-0.21922789760028308,0.16405739674267666
2018-05-07,-0.014352848297928515,-0.06852432060726761,-0.1921708162983395,0.19673609333956765
2018-05-08,-0.018316050488017616,-0.0797768555842611,-0.1881570241983099,0.19680298873497384
2018-05-09,-0.022991103003320017,-0.07028698090519421,-0.19085110740357958,0.19071679150774795
2018-05-10,-0.018184974992065218,-0.0649135998359657,-0.1876801290120759,0.18170118455364964
2018-05-11,-0.01908594978230692,-0.06034510154224281,-0.1804516697796485,0.17891567642966705
2018-05-14,-0.01780289240199462,-0.06290736282717281,-0.1631146827146014,0.18185518456352817
2018-05-15,-0.017507713786067716,-0.06500295170034591,-0.16645884583506168,0.18195358094284775
2018-05-16,-0.010962548217702817,-0.06103572173882451,-0.156778763821724,0.18879216108820396
2018-05-17,-0.013357988020445617,-0.05666496638591461,-0.15671662556777488,0.17843388096120505
2018-05-18,-0.021630073789115918,-0.05931232636427908,-0.1754943493032928,0.16172040862738607
2018-05-21,-0.02406936989766102,-0.07313182826045078,-0.168836206209988,0.16289117274012305
2018-05-22,-0.02518780763541502,-0.07307192499682238,-0.17041893745311798,0.16093011219718875
2018-05-23,-0.024792456862219717,-0.062261267784794384,-0.1644194268210481,0.18200980859076754
2018-05-24,-0.029005441523099418,-0.06663775565371367,-0.166810086549648,0.18039480536507127
2018-05-25,-0.02566805469077272,-0.06305657499604708,-0.1587524911006526,0.17280858808450997
2018-05-29,-0.03333020280353192,-0.06910877106306289,-0.17063813545724288,0.16650205615652866
2018-05-30,-0.02949428790083782,-0.07963060227878409,-0.16160350778052057,0.16134966722243216
2018-05-31,-0.04068471883787002,-0.08804290487841829,-0.1777474395508829,0.15534665062929515
2018-06-01,-0.03745567640327162,-0.07905195517008928,-0.17038326144768348,0.15472242465673766
2018-06-04,-0.02839656423774012,-0.07483277659097398,-0.15280748477597578,0.16598849524927287
2018-06-05,-0.02748092532050292,-0.06255582854037457,-0.16057847953346757,0.17706829685735187
2018-06-06,-0.016091505369599315,-0.049580500016496776,-0.15653797951328757,0.18087028300337116
2018-06-07,-0.01309834962613702,-0.04122465458147138,-0.15267578977982368,0.16791237379086596
2018-06-08,-0.011850425882062018,-0.03356097686102759,-0.13637407048729588,0.17971292427273713
2018-06-11,-0.0024858193668328196,-0.024651286776030183,-0.11316760928443959,0.18532908297325945
2018-06-12,0.0023072910300610803,-0.02559073873104978,-0.09644265844880118,0.19951973473523488
2018-06-13,0.0008464387976291794,-0.02987815387021548,-0.10694994546761319,0.21367402606141475
2018-06-14,0.005290993114822579,-0.02610196746711465,-0.10257138750235588,0.23828423042897595
2018-06-15,-0.0035904663394851193,-0.03264962362410875,-0.08954121292608368,0.22780880987604954
2018-06-18,-0.0021957221550605193,-0.02625907299606715,-0.0953944566772481,0.23714643357806775
2018-06-19,-0.01021903667176732,-0.03056503392048985,-0.08319945943340029,0.22777335696629303
2018-06-20,-0.00752131473791692,-0.036809852519337154,-0.079060875489541,0.22573235180111798
2018-06-21,-0.01500679399112742,-0.04101575741399635,-0.0898740272907197,0.20634006919791734
2018-06-22,-0.01170550679428892,-0.046635046420691155,-0.08203868793718148,0.20938875783119976
2018-06-25,-0.02856675816546692,-0.051720899614425345,-0.09264643113411948,0.16814058929084774
2018-06-26,-0.02371178020384352,-0.051958509560333356,-0.09316957548392689,0.17389713343656485
2018-06-27,-0.031270970720366116,-0.055234350233275546,-0.09016584057566458,0.15187910548346434
2018-06-28,-0.026517149905231022,-0.05710279329786119,-0.09710940258227019,0.15320817488193286
2018-06-29,-0.02944792410187672,-0.059339099613065625,-0.0978080753153192,0.15826680763623294
2018-07-02,-0.024405609097661318,-0.04879660178343852,-0.10226426870285849,0.17763142475143576
2018-07-03,-0.02288585392246512,-0.04801822793734332,-0.09603544295825558,0.17101657401273043
2018-07-05,-0.015254401471686219,-0.03581926337705392,-0.08224649211114109,0.17298575794592344
2018-07-06,-0.0015832818243147195,-0.02785312708828462,-0.07194140056282948,0.19184673665613267
2018-07-09,0.00826393159691768,-0.015446721880123322,-0.06899089697989269,0.19135204387468874
2018-07-10,0.010336707816805254,-0.02249788222096362,-0.062259065705135085,0.19472391060726424
2018-07-11,0.001100641343682254,-0.03199775965355222,-0.07279793702396059,0.18503024279601044
2018-07-12,0.011704867698907256,-0.023330991486289122,-0.07279863543210618,0.20473580924659557
2018-07-13,0.014698851165435555,-0.020579884641834523,-0.07368558005677528,0.20291979787291045
2018-07-16,0.016316235647640554,-0.02423679727620192,-0.08452349810214858,0.20932991823009867
2018-07-17,0.030466768934209253,-0.019219429163578723,-0.07607896918671339,0.22349891678293637
2018-07-18,0.027206357093874353,-0.02106042272363602,-0.08829693566657272,0.20257747767563505
2018-07-19,0.020434683385225354,-0.021540682136146624,-0.07174958556336891,0.19613288024925826
2018-07-20,0.011477823392116254,-0.023913519201729322,-0.09694474716389281,0.18657965353168485
2018-07-23,0.007977250368418854,-0.03452442926027022,-0.10417610540453562,0.18678262455430877
2018-07-24,0.003957549267863755,-0.011145989903361922,-0.11507578007673322,0.18134531565205766
2018-07-25,0.005217223383654254,-0.008316523631693521,-0.11194826058771801,0.19739223127541877
2018-07-26,-0.001407173042246446,-0.01992784460793272,-0.09644846621111461,0.16340454264580517
2018-07-27,-0.006941905578515546,0.007081410308746278,-0.1117867034789869,0.14957829960534494
2018-07-30,-0.010990306951295646,0.007345681757112979,-0.12439099136867232,0.12637725935500904
2018-07-31,0.0008917308014009546,0.008144145552643079,-0.12065731878557552,0.14244698188304775
2018-08-01,-0.014620226431000546,0.0021568748570910783,-0.13462852230889522,0.14113133039407055
2018-08-02,-0.012193336285369345,0.0011751421770923786,-0.1318995514248496,0.15031236563839695
2018-08-03,-0.0014180875700697468,0.01822294430193698,-0.07197758500424371,0.16341820596719966
2018-08-06,0.005335902821458513,0.02149560529526948,-0.08796726707914941,0.17585234654270765
2018-08-07,-0.008170829538879288,0.017986399941770582,-0.11377592392333981,0.15724039729000155
2018-08-08,-0.010479211323344388,0.02175901335057468,-0.12425431882241052,0.15824639333104415
2018-08-09,-0.0033137944656283867,0.023251397919867883,-0.13270816336552121,0.16325817807417906
2018-08-10,-0.013244965955189586,0.018675268888938182,-0.1419250156373278,0.13643027453413376
2018-08-13,-0.014817023068376086,0.011805462788680781,-0.1395425338822731,0.14314207842662285
2018-08-14,-0.013755233808253588,0.01761738534267688,-0.1345056174959,0.13775563162580676
2018-08-15,-0.015581695137457389,0.012863194537373182,-0.1383556622838964,0.12777228965949836
2018-08-16,-0.012369967633421387,0.015157290076516982,-0.11442979431277081,0.12263028711122205
2018-08-17,-0.01222114714008229,0.015359281941577383,-0.1242776642840913,0.13096123924924208
2018-08-20,-0.011414770934476489,0.02675735835720588,-0.12957466616647492,0.13864855703425966
2018-08-21,-0.006528904097452088,0.032069940428149285,-0.1355505445733229,0.15293177580866535
2018-08-22,0.0015697446753652115,0.03395385317095978,-0.14711955145739042,0.17338665395682576
2018-08-23,0.0020311367796158114,0.032968388489567985,-0.145643692548268,0.16137419214166437
2018-08-24,0.017899040399805513,0.04191514133520578,-0.142922510988999,0.15521523119928093
2018-08-27,0.020767254878291713,0.04430218791815889,-0.125334462043361,0.16542719819018384
2018-08-28,0.02140933354215204,0.03623293638553518,-0.1255743312788129,0.15487203511663394
2018-08-29,0.01648520910264474,0.02892076175661988,-0.1199425632474387,0.14968167649323555
2018-08-30,0.014643245973582141,0.02656222808818678,-0.14227842057473622,0.13879249983856715
2018-08-31,0.01905140424554334,0.02869497143665418,-0.14110711559316863,0.12737616942462757
2018-09-04,0.01862952539917794,0.02663510430574278,-0.1547065981542135,0.1133930134833435
2018-09-05,0.01324620351515334,0.020789091265032283,-0.1609522745918981,0.06361101949885861
2018-09-06,0.00074426450248204,0.007525460599987784,-0.16476084559073192,0.052359164259555696
2018-09-07,0.012097623501039639,0.011028290546786985,-0.1586833107416111,0.0554936651578155
2018-09-10,0.020540560419070538,0.012622668330766593,-0.1394431961426336,0.053293444364348394
2018-09-11,0.008714962246380537,0.0009324027316686924,-0.1385690123685487,0.048234972109016
2018-09-12,0.010886567752969537,0.014880980283936592,-0.1273273471518167,0.05150852707685839
2018-09-13,0.017172109867952277,0.019075143136703693,-0.1185868050245621,0.0605493252739808
2018-09-14,0.02486341056307278,0.01684338014419099,-0.12185166027691241,0.058053631637163
2018-09-17,0.009782363286567279,0.011371419200452593,-0.1313996242778819,0.0382558086136139
2018-09-18,0.01472160322103538,0.016420094672048392,-0.13882154897522542,0.047153949304168497
2018-09-19,0.0022986338614388807,0.004047958687407491,-0.13526140121395552,0.0215775001226085
2018-09-20,0.002068308092390881,0.010223572112785548,-0.1273928710129975,0.027331855408001902
2018-09-21,0.001258441485362381,0.005656872830257448,-0.14462423337009242,0.0217821360863984
2018-09-24,-0.009886284974318019,-0.000453644853552552,-0.1564323589367823,-0.0034491527190636997
2018-09-25,-0.01677776554139972,-0.00036749555337145176,-0.173391154096794,-0.0019838240150144
2018-09-26,-0.02079284934946852,-0.0037852401554187517,-0.18195285395760133,0.0048839076475086
2018-09-27,-0.014513214921966918,0.0019873431695167487,-0.1773759735509275,0.0147740232470524
2018-09-28,-0.022867776852326015,-0.007739956102330652,-0.17678963553729482,-0.005571683974195199
2018-10-01,-0.02950332982623142,-0.009907179139645552,-0.17441591573964782,-0.013415119667266398
2018-10-02,-0.022815639783362218,0.0008591971544331476,-0.1825913356808266,-0.0111942107151943
2018-10-03,-0.02848990142847952,0.004799441318361047,-0.20001389665144162,-0.0166826989542401
2018-10-04,-0.04105615032047112,-0.0031392887291028524,-0.1966948895089504,-0.0434244516356387
2018-10-05,-0.056436556134281016,-0.009312338635056351,-0.20270982669505522,-0.0616871198202147
2018-10-08,-0.06742125045395993,-0.019454009943019553,-0.1959988974636301,-0.0729810616544717
2018-10-09,-0.06601962523856722,-0.020304953907443152,-0.2095642819170204,-0.0843447557953156
2018-10-10,-0.09678173043399252,-0.031246502417483404,-0.22054315956914972,-0.1490922673554359
2018-10-11,-0.11044896855465092,-0.04334685497806501,-0.2460329079941674,-0.1631940988750103
2018-10-12,-0.10497570466423982,-0.03934726247311031,-0.23715394220277972,-0.1576845583097582
2018-10-15,-0.09581823307838973,-0.031405896791253406,-0.2222561774463875,-0.1553371374933675
2018-10-16,-0.07097973243151923,-0.003574949214519906,-0.2022911670563206,-0.11190773681477059
2018-10-17,-0.062151927461833026,-0.00028332926862260796,-0.19194305685832702,-0.12356185518935209
2018-10-18,-0.07074051334712261,-0.006164064692495709,-0.2072197514818019,-0.13839237621818928
2018-10-19,-0.08495410682584241,0.00993363594691069,-0.1657552558299224,-0.1277636888597287
2018-10-22,-0.07120139861019613,0.026029106608116588,-0.14593463710162582,-0.0843282964177194
2018-10-23,-0.07843896892767112,0.014500829548431893,-0.1502364615972759,-0.10624784986505639
2018-10-24,-0.10594204437293432,-0.01964666801726061,-0.16416325058489542,-0.1501505973095143
2018-10-25,-0.05780161824096931,0.011882557031286592,-0.12644825709202534,-0.06579580544116709
2018-10-26,-0.07404721781757992,0.0051614470016118925,-0.1525064778247181,-0.0898125264510631
2018-10-29,-0.09866101753086182,-0.0022494649405237076,-0.15287198948664782,-0.1326450493699488
2018-10-30,-0.08159241456612543,0.0028039863058104924,-0.1437036489470024,-0.1122925561873262
2018-10-31,-0.08431615662791643,-0.005750677600257406,-0.15247551949673674,-0.09382722875284169
2018-11-01,-0.09100640832897453,0.009614417918352394,-0.14043159883529782,-0.08693256275101921
2018-11-02,-0.09043134223074702,0.004885283057669895,-0.18746009888563592,-0.0999167222453044
2018-11-05,-0.08489006111805822,0.010524081075507195,-0.14228140773506212,-0.0974259406642625
2018-11-06,-0.07741525648906883,0.03459694713728839,-0.11492971712043731,-0.09646682615438029
2018-11-07,-0.05982917371219472,0.0425624259107764,-0.10465441953591291,-0.0689542961684096
2018-11-08,-0.08348461537631423,0.0318588009407359,-0.1291137027690613,-0.11398702746363809
2018-11-09,-0.09961431869056582,0.018875787373949397,-0.13451014882220189,-0.13121352865630428
2018-11-12,-0.09946337277767672,0.017125595034177495,-0.12395413412958331,-0.140218478449893
2018-11-13,-0.08879512904837812,0.028349828336299093,-0.11247729224649682,-0.13740879657025187
2018-11-14,-0.08182020265800662,0.022559390722556895,-0.11867859060802781,-0.1208902332857948
2018-11-15,-0.08075266462635453,0.024772676895057195,-0.12156528733148951,-0.1051543912628152
2018-11-16,-0.08643437478335363,0.014565269189163095,-0.1295667962086686,-0.12208699175597
2018-11-19,-0.10602493079756932,-0.005380888426648905,-0.1423436923269325,-0.1795026759645328
2018-11-20,-0.13142147133570461,-0.020050095518472907,-0.1585408144557554,-0.2042711903335544
2018-11-21,-0.12211259043711843,-0.010657951722912307,-0.15287493558863252,-0.1933161254144758
2018-11-23,-0.12932728772977653,-0.015979523319042607,-0.1601015959148657,-0.22398177140414172
2018-11-26,-0.11440711096173142,-0.01901738705987371,-0.1583454695003476,-0.1836903881276245
2018-11-27,-0.09444191133767472,-0.01789055445547741,-0.14161771339487492,-0.17003997650943128
2018-11-28,-0.07321432700916333,-0.004736212858586006,-0.1267372662563721,-0.1441281224236074
2018-11-29,-0.06903233900611462,0.0005928377480531931,-0.11627345236992712,-0.14812479979841373
2018-11-30,-0.07408391121125683,-0.008294915294076007,-0.11425108532767592,-0.14765890842807963
2018-12-03,-0.060158053993730934,0.004697689643766493,-0.09132860054578512,-0.11569266855047643
2018-12-04,-0.08240849602767124,-0.003496876256966708,-0.1140389438853884,-0.15749046293894522
2018-12-06,-0.08338089162873973,-0.009551824286691308,-0.10628452766968612,-0.14578608726218523
2018-12-07,-0.08549522318422394,-0.010634985419058506,-0.10590317152986972,-0.14796662461195043
2018-12-10,-0.07879108464507834,-0.004840609449442807,-0.10233805747718062,-0.1404409651067038
2018-12-11,-0.08809667539143763,-0.016760845245223907,-0.1266433735620445,-0.16450521215021843
2018-12-12,-0.060921184689277326,-0.0035943994039035077,-0.10843093541727503,-0.12276232074217984
2018-12-13,-0.06124652351350153,-0.011926321518242307,-0.11540981284010352,-0.11719327383820521
2018-12-14,-0.08051126084380494,-0.03200027953020601,-0.14987480120298022,-0.1492106946503707
2018-12-17,-0.07843255827458404,-0.02531975906104611,-0.13606270252837963,-0.16117475181792904
2018-12-18,-0.08682353717875443,-0.036577039966462416,-0.14955859164686353,-0.16599033956779674
2018-12-19,-0.11833547100824564,-0.061451600704698114,-0.18541098209481183,-0.18788921591559754
2018-12-20,-0.14639452735741043,-0.0730183716800719,-0.197788992936014,-0.21853922239048973
2018-12-21,-0.15321363656954046,-0.082746660627671,-0.20587144704273452,-0.23257535416984293
2018-12-24,-0.17314230667756722,-0.0968978451709333,-0.23690596202781122,-0.2535366544064167
2018-12-26,-0.14102930153318183,-0.08451569371980441,-0.21447249145192573,-0.21103614717678623
2018-12-27,-0.13508332606931103,-0.09019790482127771,-0.20615467091577525,-0.20509568066844164
2018-12-28,-0.14597243848471633,-0.09143747988005621,-0.20667853160145042,-0.21607567952447052
2018-12-31,-0.13195293124510443,-0.08115229338649321,-0.20869672851611132,-0.20493148729495023
2019-01-02,-0.13672627348194674,-0.0699141504430832,-0.2067563916963416,-0.21095796761817553
2019-01-03,-0.15150743113094584,-0.081864719164672,-0.22119927685237123,-0.26205460157301824
2019-01-04,-0.12739639014551435,-0.0576422323655775,-0.1815001899053869,-0.20575676676771612
2019-01-07,-0.10973939883798685,-0.03722354559857641,-0.15469572343372714,-0.18826649220735134
2019-01-08,-0.09116916962255664,-0.024183866416402005,-0.13444890857734654,-0.17367072040554074
2019-01-09,-0.08530686387536054,-0.02419418055392291,-0.12683742206628973,-0.14804133370308414
2019-01-10,-0.07197100411717884,-0.02179063446192971,-0.10376927879039943,-0.13358948931129053
2019-01-11,-0.06058265563113144,-0.015522822823738007,-0.10473980217007234,-0.12602165729087275
2019-01-14,-0.06970841229631243,-0.025100033195577506,-0.10266570344900283,-0.14593860830733815
2019-01-15,-0.030600409472961644,-0.022390607042021206,-0.09145013498000173,-0.11912725778167332
2019-01-16,-0.03071248887520014,-0.009938917815895109,-0.07079049959034153,-0.11333823334914604
2019-01-17,-0.03509144170701715,-0.004002128720670909,-0.058450816287769235,-0.11345383098704954
2019-01-18,-0.022563105871139744,0.01279199391255009,-0.02971200128729903,-0.09961031174904623
2019-01-22,-0.03135061745676164,0.01156810551941489,-0.04736900195367204,-0.12256816671831883
2019-01-23,-0.04523380944703334,0.004721486010379435,-0.09024619387946894,-0.12946473236200903
2019-01-24,-0.04734353193444334,0.008873357341561135,-0.10442211513058273,-0.12624186925686073
2019-01-25,-0.030653816590710842,0.030416408014220037,-0.09559217980405445,-0.10410583159938752
2019-01-28,-0.029522330555697543,0.019248801633491935,-0.09220377918559174,-0.11235141812303834
2019-01-29,-0.04403181086268054,0.0011501647160410359,-0.10210990342037575,-0.12404270055420254
2019-01-30,-0.030796127097498745,0.010689574179025935,-0.10317872879815423,-0.09267623228628594
2019-01-31,-0.001994944911437844,0.018287772454034335,-0.08437593202294004,-0.07809196364958003
2019-02-01,0.009642387706174056,0.025702427467766735,-0.08374201530742774,-0.06167642115938894
2019-02-04,0.0004908325556548556,0.019110769198340736,-0.08678001288241613,-0.053457367939339244
2019-02-05,0.008062529950325055,0.021183652389059636,-0.07356715767763575,-0.031526109855151835
2019-02-06,0.011435994334379956,0.022265854936386137,-0.06833980107559064,-0.03580391063634744
2019-02-07,0.0036315914659876556,0.014169863102778733,-0.07537360493997854,-0.06966528175761344
2019-02-08,0.008816696604656156,0.015670102686088636,-0.07285827349486133,-0.06147179488927374
2019-02-11,0.008724255191293556,0.019794109480761834,-0.07779054995398224,-0.06550790068821634
2019-02-12,0.010884128343326357,0.022023455594978637,-0.07867062197457433,-0.06775323466887033
2019-02-13,0.008738195988915556,0.019863237525591135,-0.08697011343346885,-0.06683710869254714
2019-02-14,0.022247631581544556,0.027152856993112633,-0.08197834960996583,-0.061210929430620536
2019-02-15,0.024005156657159556,0.030706651637887633,-0.09153930272419154,-0.06216062748823054
2019-02-19,0.035495732553827555,0.03763724654269923,-0.07125514762164124,-0.05914723095240224
2019-02-20,0.03393359605613606,0.032183259552174937,-0.07104459756782663,-0.06880349756402675
2019-02-21,0.026543863317179055,0.03237158613844613,-0.08383487647713833,-0.08514007842890074
2019-02-22,0.026797373730298356,0.029840588101800434,-0.21746219202130113,-0.07266382908926274
2019-02-25,0.013836775692695355,0.016286050156285738,-0.23132259667061972,-0.07789312969935953
2019-02-26,0.008730005144367956,0.0009733645903557348,-0.24653048332649985,-0.06587681428833814
2019-02-27,0.0031965159790534555,-0.020397400908638966,-0.27078315051058743,-0.06691978343727943
2019-02-28,-0.0009232872281137441,-0.007358022214008664,-0.27153877274215177,-0.07169830289122724
2019-03-01,-0.0006099348292858435,-0.0015623590829121634,-0.2857753545828656,-0.07687809452525894
2019-03-04,0.0026361428520313567,-0.003567580603107363,-0.27504848106881685,-0.07044076464741754
2019-03-05,-0.005355783075855944,-0.009644456950614893,-0.2863184732503694,-0.08117485115630474
2019-03-06,-0.011804111296060044,-0.019338580658716797,-0.3055574299838047,-0.07340105788204535
2019-03-07,-0.019955627288901042,-0.015443939586132197,-0.310652676594227,-0.09565139462049313
2019-03-08,-0.016142766213224944,-0.013870079737002893,-0.31603639593950344,-0.09595465889585195
2019-03-11,-0.005113973321343243,-0.014555277142507993,-0.3202558701280378,-0.08407041920828773
2019-03-12,8.927458590865731e-05,-0.005547264993018795,-0.3148468330497676,-0.07144351386551905
2019-03-13,-0.0005934714197937427,-0.011587853101492795,-0.3116682151447887,-0.06877497391381214
2019-03-14,0.013473255166941757,-0.002408186220302295,-0.3136057136671985,-0.04674680443217853
2019-03-15,0.013238259525104558,0.003130899006477005,-0.3063425175118835,-0.047009361297817735
2019-03-18,0.030783708893868757,0.010943088690207407,-0.29756548121582116,-0.022848310823482834
2019-03-19,0.026756499281720355,0.012924698829326148,-0.29435534309267164,-0.021640248749785033
2019-03-20,0.022766308937964556,0.010664680128681547,-0.3022939671647594,-0.022960679557449137
2019-03-21,0.037724651895461855,0.013327746549092847,-0.2772664760399598,-0.016429109726809134
2019-03-22,0.019307616069504055,0.0013786863358834483,-0.2978640361617885,-0.03778298150672214
2019-03-25,0.009376281016752157,-0.004320863752557252,-0.31160846862174923,-0.03552681030388244
2019-03-26,0.0011198879618523573,-0.008274986425333652,-0.30984073772111426,-0.044790979796749036
2019-03-27,-0.011553597503235443,-0.02085220390749585,-0.3146090276131074,-0.055286042331343835
2019-03-28,-0.008347138795036917,-0.026123335544888552,-0.30913349889823294,-0.04208833010436234
2019-03-29,1.0067456414282342e-05,-0.012990553243732252,-0.3043701174711391,-0.022430947580732035
2019-04-01,0.0026605638998352813,-0.007292792130409554,-0.30291019880829784,-0.02016551835235854
2019-04-02,0.0038856860009871814,-0.013936736907354651,-0.31219340968001763,-0.019297022098818836
2019-04-03,0.008302000666287581,-0.007169971347630653,-0.2953939475435464,-0.013989845523359336
2019-04-04,0.009426598595883382,0.005883881998391048,-0.2915437050160715,-0.023504160999461537
2019-04-05,0.01642487727067838,0.013834960545882149,-0.2700594363256832,-0.014149795884959338
2019-04-08,0.02108371186024418,0.01818037178473305,-0.2655822198234468,-0.005633482967143937
2019-04-09,0.017038420574055378,0.015479459799388048,-0.2662206978020619,-0.004193583183116638
2019-04-10,0.02896422870551908,0.02523625407750695,-0.2610216197698008,-0.0005916228071392382
2019-04-11,0.03747054533723498,0.02035266032392755,-0.2540292510872986,-0.0020711088984220376
2019-04-12,0.044228371721018775,0.015637031169261753,-0.2532996177678013,-0.014996607406639734
2019-04-15,0.040868374990963484,0.01752432924304185,-0.2597038079281426,-0.004370045546398138
2019-04-16,0.052473251977959684,0.017539853648753753,-0.25391173660086086,0.010883532505697563
2019-04-17,0.054406698030927785,0.00635813680712145,-0.2560122383982541,0.03868929147930877
2019-04-18,0.045396401211052075,0.0018896524482516495,-0.25679278636861924,0.03582517499516977
2019-04-22,0.058140805584434276,-0.00033128261388344973,-0.24921034723385044,0.03460220491337286
2019-04-23,0.06288126522812738,0.004135045643670751,-0.24546756914782514,0.03869877910370806
2019-04-24,0.06336895895794328,-0.00848625429971675,-0.30389242367326474,0.03402010777192967
2019-04-25,0.05642274797352968,-0.015413323723439551,-0.28743411235710775,0.03001614420123736
2019-04-26,0.06644002076730689,-0.00961460734371785,-0.2668816130646132,0.04201785567952926
2019-04-29,0.06567680061169237,-0.01286263674819885,-0.2503850355645312,0.05146228748111016
2019-04-30,0.05981906766401188,-0.010421650825845351,-0.24602117709231913,0.049350138702590966
2019-05-01,0.05954962570645717,-0.009316705300689251,-0.2476573611625314,0.05805424763521186
